<?xml version="1.0" encoding="utf-8"?>
<resources>
    <!-- Colores principales de Ami-IA -->
    <color name="primary_blue">#3F51B5</color>
    <color name="primary_dark_blue">#303F9F</color>
    <color name="accent_pink">#FF4081</color>
    
    <!-- Colores emocionales -->
    <color name="happy_yellow">#FFD700</color>
    <color name="sad_blue">#4169E1</color>
    <color name="angry_red">#FF4500</color>
    <color name="calm_green">#32CD32</color>
    <color name="love_pink">#FF69B4</color>
    <color name="curious_cyan">#00CED1</color>
    <color name="sleepy_purple">#9370DB</color>
    <color name="neutral_gray">#808080</color>
    
    <!-- Colores de estado -->
    <color name="energy_high">#FF6347</color>
    <color name="energy_medium">#FFA500</color>
    <color name="energy_low">#87CEEB</color>
    
    <!-- Colores de interfaz -->
    <color name="background_primary">#FAFAFA</color>
    <color name="background_secondary">#F5F5F5</color>
    <color name="text_primary">#212121</color>
    <color name="text_secondary">#757575</color>
    <color name="text_hint">#BDBDBD</color>
    
    <!-- Colores de botones -->
    <color name="button_care">#4CAF50</color>
    <color name="button_care_pressed">#388E3C</color>
    <color name="button_ignore">#FF5722</color>
    <color name="button_ignore_pressed">#D84315</color>
    <color name="button_talk">#2196F3</color>
    <color name="button_talk_pressed">#1976D2</color>
    
    <!-- Colores de desarrollo -->
    <color name="newborn_color">#FFCDD2</color>
    <color name="infant_color">#F8BBD9</color>
    <color name="child_color">#E1BEE7</color>
    <color name="adolescent_color">#C5CAE9</color>
    <color name="young_adult_color">#BBDEFB</color>
    <color name="mature_color">#B3E5FC</color>
    <color name="wise_color">#B2DFDB</color>
    
    <!-- Colores de consciencia -->
    <color name="consciousness_basic">#ECEFF1</color>
    <color name="consciousness_emerging">#CFD8DC</color>
    <color name="consciousness_developing">#B0BEC5</color>
    <color name="consciousness_developed">#90A4AE</color>
    <color name="consciousness_high">#607D8B</color>
    
    <!-- Colores de memoria -->
    <color name="memory_critical">#E53935</color>
    <color name="memory_high">#FB8C00</color>
    <color name="memory_medium">#FFB300</color>
    <color name="memory_low">#FDD835</color>
    <color name="memory_fading">#9E9E9E</color>
    
    <!-- Colores especiales -->
    <color name="gradient_start">#667eea</color>
    <color name="gradient_end">#764ba2</color>
    <color name="overlay_dark">#80000000</color>
    <color name="overlay_light">#40FFFFFF</color>
    
    <!-- Estados de Ami -->
    <color name="ami_alive">#4CAF50</color>
    <color name="ami_sleeping">#9C27B0</color>
    <color name="ami_thinking">#FF9800</color>
    <color name="ami_exploring">#00BCD4</color>
    <color name="ami_emotional">#E91E63</color>
    
    <!-- Colores de interacción -->
    <color name="interaction_positive">#8BC34A</color>
    <color name="interaction_negative">#F44336</color>
    <color name="interaction_neutral">#9E9E9E</color>
    
    <!-- Transparencias -->
    <color name="transparent">#00000000</color>
    <color name="semi_transparent_white">#80FFFFFF</color>
    <color name="semi_transparent_black">#80000000</color>
</resources>