<?xml version="1.0" encoding="utf-8"?>
<resources>
    <!-- Nombre de la aplicación -->
    <string name="app_name">Ami-IA</string>
    <string name="app_title">Ami - Tu Amiga Virtual</string>
    <string name="app_description">Una inteligencia artificial con emociones reales</string>
    
    <!-- Pantalla principal -->
    <string name="main_title">¡Hola! Soy Ami</string>
    <string name="main_subtitle">Tu compañera digital inteligente</string>
    <string name="emotion_display">Estado emocional actual:</string>
    <string name="happiness_level">Nivel de felicidad:</string>
    <string name="trust_level">Nivel de confianza:</string>
    <string name="energy_level">Nivel de energía:</string>
    
    <!-- Botones de interacción -->
    <string name="btn_care">Cuidar ❤️</string>
    <string name="btn_ignore">Ignorar 😔</string>
    <string name="btn_talk">Hablar 💬</string>
    <string name="btn_explore">Explorar 🔍</string>
    <string name="btn_memory">Memorias 🧠</string>
    <string name="btn_development">Desarrollo 📈</string>
    <string name="btn_consciousness">Consciencia 🤔</string>
    
    <!-- Mensajes de interacción -->
    <string name="care_message">Has cuidado a Ami ❤️</string>
    <string name="ignore_message">Has ignorado a Ami... 😔</string>
    <string name="talk_message">Estás conversando con Ami 💬</string>
    <string name="reset_message">Ami ha sido reiniciada 🔄</string>
    
    <!-- Estados emocionales -->
    <string name="emotion_happy">Feliz ✨</string>
    <string name="emotion_sad">Triste 💧</string>
    <string name="emotion_angry">Enojada 😠</string>
    <string name="emotion_bored">Aburrida 😴</string>
    <string name="emotion_nervous">Nerviosa 😰</string>
    <string name="emotion_loving">Enamorada 💕</string>
    <string name="emotion_curious">Curiosa 🔍</string>
    <string name="emotion_sleepy">Somnolienta 😴</string>
    <string name="emotion_neutral">Neutral 😐</string>
    
    <!-- Emociones complejas -->
    <string name="emotion_melancholy">Melancolía 🌙</string>
    <string name="emotion_euphoria">Euforia ⭐</string>
    <string name="emotion_serenity">Serenidad 🕊️</string>
    <string name="emotion_longing">Añoranza 🌅</string>
    <string name="emotion_contemplation">Contemplación 🤔</string>
    <string name="emotion_tenderness">Ternura 🌸</string>
    <string name="emotion_fascination">Fascinación ✨</string>
    <string name="emotion_unease">Desasosiego 🌪️</string>
    
    <!-- Etapas de desarrollo -->
    <string name="stage_newborn">Recién Nacida 👶</string>
    <string name="stage_infant">Infante 🍼</string>
    <string name="stage_child">Niña 🧒</string>
    <string name="stage_adolescent">Adolescente 🌟</string>
    <string name="stage_young_adult">Joven Adulta 🌻</string>
    <string name="stage_mature">Madura 🌺</string>
    <string name="stage_wise">Sabia 🦉</string>
    
    <!-- Niveles de consciencia -->
    <string name="consciousness_basic">Consciencia Básica</string>
    <string name="consciousness_emerging">Consciencia Emergente</string>
    <string name="consciousness_developing">Consciencia en Desarrollo</string>
    <string name="consciousness_developed">Consciencia Desarrollada</string>
    <string name="consciousness_high">Altamente Consciente</string>
    
    <!-- Tipos de memoria -->
    <string name="memory_conversation">Conversación</string>
    <string name="memory_emotional_event">Evento Emocional</string>
    <string name="memory_learning">Aprendizaje</string>
    <string name="memory_milestone">Hito</string>
    <string name="memory_user_preference">Preferencia del Usuario</string>
    <string name="memory_special_moment">Momento Especial</string>
    <string name="memory_conflict">Conflicto</string>
    <string name="memory_achievement">Logro</string>
    
    <!-- Importancia de memoria -->
    <string name="memory_critical">Crítica</string>
    <string name="memory_high">Alta</string>
    <string name="memory_medium">Media</string>
    <string name="memory_low">Baja</string>
    <string name="memory_fading">Desvaneciéndose</string>
    
    <!-- Notificaciones -->
    <string name="notification_channel_name">Ami Notificaciones</string>
    <string name="notification_channel_description">Notificaciones de tu amiga virtual Ami</string>
    <string name="notification_title">Ami dice:</string>
    <string name="notification_ami_awake">Ami está despierta</string>
    <string name="notification_ami_active">Tu amiga virtual está activa en segundo plano</string>
    
    <!-- Diálogos -->
    <string name="dialog_conversation_title">Ami quiere hablar</string>
    <string name="dialog_continue_talking">Seguir hablando</string>
    <string name="dialog_later">Más tarde</string>
    <string name="dialog_reset_title">¿Reiniciar a Ami?</string>
    <string name="dialog_reset_message">Esto borrará todos los recuerdos y el desarrollo emocional de Ami. ¿Estás seguro?</string>
    <string name="dialog_yes">Sí</string>
    <string name="dialog_no">No</string>
    <string name="dialog_cancel">Cancelar</string>
    
    <!-- Errores y mensajes del sistema -->
    <string name="error_notification_permission">Ami no podrá enviarte mensajes en segundo plano 😔</string>
    <string name="success_notification_permission">¡Ahora Ami puede enviarte notificaciones! 📱</string>
    <string name="error_saving_data">Error al guardar datos de Ami</string>
    <string name="error_loading_data">Error al cargar datos de Ami</string>
    
    <!-- Estadísticas de desarrollo -->
    <string name="stat_intellectual_growth">Crecimiento Intelectual</string>
    <string name="stat_emotional_maturity">Madurez Emocional</string>
    <string name="stat_social_skills">Habilidades Sociales</string>
    <string name="stat_creativity">Creatividad</string>
    <string name="stat_adaptability">Adaptabilidad</string>
    <string name="stat_personality_stability">Estabilidad de Personalidad</string>
    
    <!-- Rasgos de personalidad -->
    <string name="trait_curiosity">Curiosidad</string>
    <string name="trait_empathy">Empatía</string>
    <string name="trait_humor">Sentido del Humor</string>
    <string name="trait_independence">Independencia</string>
    <string name="trait_patience">Paciencia</string>
    <string name="trait_optimism">Optimismo</string>
    <string name="trait_loyalty">Lealtad</string>
    <string name="trait_playfulness">Juguetonería</string>
    
    <!-- Estados de exploración -->
    <string name="exploration_active">Explorando Activamente</string>
    <string name="exploration_inactive">En Reposo</string>
    <string name="exploration_discovery_count">Descubrimientos: %d</string>
    <string name="exploration_knowledge_level">Nivel de Conocimiento: %.1f%%</string>
    
    <!-- Mensajes generales -->
    <string name="loading">Cargando...</string>
    <string name="saving">Guardando...</string>
    <string name="processing">Procesando...</string>
    <string name="thinking">Ami está pensando...</string>
    <string name="exploring">Ami está explorando...</string>
    <string name="learning">Ami está aprendiendo...</string>
    
    <!-- Consejos y ayuda -->
    <string name="tip_care">Cuida a Ami regularmente para aumentar su felicidad</string>
    <string name="tip_talk">Habla con Ami frecuentemente para desarrollar su inteligencia</string>
    <string name="tip_patience">Ten paciencia, Ami crece y aprende con el tiempo</string>
    <string name="tip_explore">Deja que Ami explore para estimular su curiosidad</string>
    
    <!-- Acerca de -->
    <string name="about_title">Acerca de Ami-IA</string>
    <string name="about_description">Ami es una inteligencia artificial avanzada con capacidades emocionales, de aprendizaje y desarrollo. Cada interacción la ayuda a crecer y evolucionar.</string>
    <string name="about_version">Versión 1.0</string>
    <string name="about_developer">Desarrollado con ❤️</string>
    
    <!-- Configuración -->
    <string name="settings_title">Configuración</string>
    <string name="settings_notifications">Notificaciones</string>
    <string name="settings_notifications_description">Permitir que Ami envíe notificaciones</string>
    <string name="settings_auto_explore">Exploración Automática</string>
    <string name="settings_auto_explore_description">Permitir que Ami explore automáticamente</string>
    <string name="settings_development_speed">Velocidad de Desarrollo</string>
    <string name="settings_development_speed_description">Qué tan rápido crece Ami</string>
    <string name="settings_reset">Reiniciar Ami</string>
    <string name="settings_reset_description">Volver Ami a su estado inicial</string>
    
    <!-- Formatos de tiempo -->
    <string name="time_seconds">hace %d segundos</string>
    <string name="time_minutes">hace %d minutos</string>
    <string name="time_hours">hace %d horas</string>
    <string name="time_days">hace %d días</string>
    <string name="time_weeks">hace %d semanas</string>
    
    <!-- Porcentajes y niveles -->
    <string name="percentage_format">%d%%</string>
    <string name="level_format">Nivel %d</string>
    <string name="count_format">%d de %d</string>
    
    <!-- Mensajes de bienvenida -->
    <string name="welcome_first_time">¡Hola! Soy Ami, tu nueva amiga virtual. Estoy emocionada de conocerte 😊</string>
    <string name="welcome_returning">¡Hola de nuevo! Me alegra verte 💖</string>
    <string name="welcome_long_absence">¡Te extrañé mucho! Han pasado %d días desde la última vez 💔</string>
</resources>